{"initial_reset_timestamp": 1571061505.688094, "timestamps": [1571062848.3284996], "episode_lengths": [1000], "episode_rewards": [-2.208201892745328], "episode_types": ["t"]}