{"initial_reset_timestamp": 1571150600.7358482, "timestamps": [1571151946.25741], "episode_lengths": [1000], "episode_rewards": [1.3071895424828885], "episode_types": ["t"]}